kind,status,batch_size,active_count,mean_active_fruits,distance_median_ms,full_graph_median_ms,topology_estimate_ms,full_graph_envs_per_second,baseline_env_steps_per_second,shadow_env_steps_per_second,throughput_retained_ratio,peak_allocated_mib,mean_edge_count,error
component,ok,1536,12,,251.86865404248238,4594.063444063067,4342.194790020585,334.3445337014187,,,,1972.01123046875,945.0364583333334,
component,ok,1792,12,,293.4979274868965,5390.332451090217,5096.83452360332,332.4470273883684,,,,2305.42236328125,945.0284598214286,
component,ok,4096,12,,685.342276468873,12518.316624686122,11832.974348217249,327.2005432361958,,,,5076.2373046875,945.029541015625,
component,ok,1536,56,,253.83940897881985,4557.759592309594,4303.920183330774,337.0076830273641,,,,1972.01123046875,1829.5533854166667,
component,ok,1792,56,,296.1921524256468,5526.0418970137835,5229.849744588137,324.28273860326294,,,,2305.42236328125,1829.5518973214287,
component,ok,4096,56,,687.6760423183441,12494.702098891139,11807.026056572795,327.8189401861374,,,,5076.2373046875,1829.545166015625,
shadow,ok,1536,,8.029948234558105,,4410.40807031095,,,45419.392650455775,345.6169696568748,0.007609458195901407,1983.5703125,1050.0130208333333,
shadow,ok,1792,,8.045201301574707,,6110.469203442335,,,52259.675895198474,291.6306161042044,0.005580413791486964,2318.90185546875,1050.470424107143,
shadow,ok,4096,,8.005859375,,12037.500876933336,,,122594.05471126924,339.3281314598003,0.002767900386841583,5107.88720703125,1048.7109375,
